time,ax,ay,az,aT
27.821000,0.6966,0.9311,2.6941,2.934
27.822000,0.8426,0.9686,3.2826,3.525
27.822000,1.0199,0.9804,3.7160,3.976
27.823000,1.1551,1.0039,4.1864,4.457
27.823000,1.2141,1.0056,4.3611,4.637
27.824000,1.2167,0.9037,4.2385,4.501
27.824000,1.0781,0.9092,3.8020,4.055
27.824000,0.8406,0.9747,3.1260,3.381
27.825000,0.4817,1.0964,2.3654,2.651
27.825000,0.1488,1.3130,1.6158,2.087
27.825000,-0.2000,1.4850,1.0363,1.822
27.825000,-0.4913,1.5819,0.6336,1.773
27.826000,-0.7469,1.6615,0.6461,1.933
27.826000,-0.8643,1.6763,0.6452,1.993
27.827000,-0.9346,1.6906,0.5259,2.002
27.834000,-0.9299,1.7164,0.4773,2.010
27.837000,-0.9269,1.7892,0.4444,2.063
27.841000,-0.8730,1.9115,0.4679,2.153
27.847000,-0.7345,2.0068,0.4422,2.182
27.851000,-0.5422,2.0559,0.4870,2.181
27.856000,-0.3982,2.0974,0.5494,2.204
27.863000,-0.2877,2.1170,0.5361,2.203
27.866000,-0.2172,2.0789,0.5401,2.159
27.872000,-0.1792,1.9879,0.4562,2.047
27.928000,-0.1926,1.9066,0.3681,1.951
27.929000,-0.2768,1.8540,0.2567,1.892
27.929000,-0.4079,1.7108,0.1288,1.764
27.930000,-0.4978,1.5371,-0.0251,1.616
27.930000,-0.6144,1.4024,-0.2073,1.545
27.930000,-0.7938,1.2593,-0.3251,1.524
27.930000,-0.9483,1.0627,-0.2877,1.453
27.931000,-1.0353,0.9298,-0.1000,1.395
27.931000,-1.0597,0.8294,0.2641,1.371
27.931000,-0.9426,0.6558,0.7833,1.390
27.931000,-0.7580,0.5376,1.3933,1.675
27.931000,-0.5916,0.4068,1.9514,2.079
27.937000,-0.4452,0.2964,2.4962,2.553
27.942000,-0.3420,0.1743,2.9662,2.991
27.947000,-0.2143,0.0588,3.3001,3.308
27.951000,-0.1496,-0.1052,3.5146,3.519
27.957000,-0.0852,-0.3179,3.5360,3.551
27.964000,0.0441,-0.4479,3.4457,3.475
27.967000,-0.0341,-0.6505,3.0981,3.166
27.970000,-0.1956,-0.8178,2.6102,2.742
28.031000,-0.3145,-0.8990,2.1255,2.329
28.032000,-0.3604,-0.9271,1.8253,2.079
28.032000,-0.4987,-1.0125,1.7336,2.069
28.032000,-0.5805,-1.1454,1.5462,2.010
28.032000,-0.6114,-1.2759,1.4046,1.994
28.032000,-0.6128,-1.4684,1.2586,2.029
28.033000,-0.6040,-1.6231,1.2162,2.116
28.033000,-0.6640,-1.7474,1.1099,2.174
28.033000,-0.7403,-1.8178,0.9594,2.185
28.034000,-0.8168,-1.8851,0.8127,2.209
28.034000,-0.8602,-1.9352,0.6486,2.215
28.034000,-0.8803,-1.9444,0.4147,2.174
28.035000,-0.8995,-2.0207,0.0776,2.213
28.041000,-0.8630,-2.0301,-0.2428,2.219
28.046000,-0.7378,-2.0040,-0.5775,2.212
28.050000,-0.6651,-1.9708,-0.8886,2.262
28.055000,-0.5614,-1.9165,-1.1614,2.310
28.062000,-0.4388,-1.8911,-1.3914,2.388
28.066000,-0.3661,-1.7991,-1.7555,2.540
28.070000,-0.2527,-1.7501,-2.2419,2.855
28.156000,-0.2496,-1.7290,-2.6403,3.166
28.157000,-0.2774,-1.6829,-2.8963,3.361
28.157000,-0.2666,-1.7140,-3.1849,3.627
28.157000,-0.3126,-1.6856,-3.4178,3.824
28.158000,-0.2930,-1.6618,-3.5930,3.970
28.158000,-0.2272,-1.5730,-3.6439,3.975
28.158000,-0.1602,-1.4501,-3.8219,4.091
28.159000,-0.1178,-1.3167,-3.9692,4.184
28.159000,-0.0235,-1.1845,-3.9808,4.153
28.159000,0.0495,-1.0726,-3.7902,3.939
28.160000,0.1160,-0.9737,-3.6104,3.741
28.160000,0.1767,-0.9381,-3.3888,3.521
28.160000,0.1940,-0.8992,-3.1993,3.329
28.161000,0.1510,-0.8666,-3.1089,3.231
28.161000,0.0744,-0.8643,-3.0742,3.194
28.161000,-0.0794,-0.8946,-3.0140,3.145
28.161000,-0.2221,-0.8881,-2.9643,3.102
28.162000,-0.4113,-0.8855,-2.8961,3.056
28.166000,-0.5472,-0.9109,-2.7782,2.975
28.170000,-0.6328,-0.9235,-2.6611,2.887
28.175000,-0.7524,-0.9381,-2.4678,2.745
28.179000,-0.8103,-0.9715,-2.1721,2.514
28.185000,-0.8425,-0.8927,-1.8909,2.254
28.189000,-0.8850,-0.8814,-1.6145,2.041
28.195000,-0.9428,-0.8756,-1.3402,1.858
28.199000,-0.9870,-0.8277,-1.0824,1.682
28.203000,-0.9960,-0.7404,-0.9100,1.539
28.277000,-0.9363,-0.6759,-0.7800,1.394
28.278000,-0.9897,-0.5695,-0.7045,1.342
28.278000,-1.0674,-0.4879,-0.5567,1.299
28.278000,-1.1401,-0.4167,-0.4516,1.295
28.279000,-1.2270,-0.3365,-0.3632,1.323
28.279000,-1.2278,-0.2683,-0.1935,1.272
28.279000,-1.1972,-0.1787,0.0525,1.212
28.279000,-1.2240,-0.1037,0.3102,1.267
28.279000,-1.1500,0.0140,0.6324,1.312
28.279000,-1.0637,0.0904,0.8731,1.379
28.280000,-0.9653,0.0872,1.1618,1.513
28.280000,-0.7780,0.0831,1.3742,1.581
28.280000,-0.5928,0.0495,1.4505,1.568
28.281000,-0.4746,0.0584,1.4553,1.532
28.281000,-0.3610,0.0525,1.4964,1.540
28.285000,-0.2448,0.1061,1.5973,1.619
28.288000,-0.1523,0.1357,1.9014,1.912
28.293000,-0.0589,0.1409,2.3799,2.385
28.298000,-0.0283,0.1309,2.8056,2.809
28.303000,-0.0335,0.1004,2.8943,2.896
28.312000,-0.1316,0.0420,3.1774,3.180
28.315000,-0.2841,0.0223,3.2845,3.297
28.318000,-0.5055,-0.0165,3.0557,3.097
28.323000,-0.7702,0.0118,2.5705,2.683
28.392000,-1.0265,0.0980,1.9293,2.188
28.393000,-1.2016,0.2332,1.2636,1.759
28.394000,-1.3804,0.3295,0.6924,1.579
28.394000,-1.5250,0.5575,0.2775,1.647
28.394000,-1.6002,0.7550,0.0468,1.770
28.394000,-1.5370,0.9126,-0.2485,1.805
28.394000,-1.4149,1.0953,-0.4079,1.835
28.395000,-1.2371,1.2601,-0.4625,1.825
28.395000,-0.9437,1.4120,-0.4055,1.746
28.395000,-0.6155,1.6109,-0.2754,1.746
28.396000,-0.2401,1.7948,-0.0463,1.811
28.396000,0.0853,1.8945,0.1358,1.901
28.396000,0.4070,1.9486,0.3687,2.025
28.396000,0.7160,2.0125,0.6257,2.226
28.402000,1.0327,2.0168,0.8372,2.416
28.403000,1.2643,2.0026,1.0223,2.579
28.408000,1.4477,1.9297,1.0345,2.625
28.413000,1.5542,1.8488,1.0987,2.653
28.419000,1.6199,1.7508,1.3125,2.722
28.424000,1.6646,1.6240,1.5773,2.810
28.430000,1.7242,1.4229,1.9674,2.978
28.436000,1.7442,1.2265,2.5401,3.316
28.436000,1.8422,1.0243,3.0590,3.715
28.511000,1.7840,0.8223,3.5156,4.027
28.512000,1.6558,0.5747,3.8816,4.259
28.512000,1.3906,0.3592,4.1533,4.395
28.512000,1.0691,0.1196,4.2791,4.412
28.513000,0.7216,-0.1371,4.3073,4.369
28.513000,0.4139,-0.3186,4.2458,4.278
28.513000,0.1594,-0.4686,4.0546,4.085
28.514000,-0.0902,-0.6014,3.7674,3.816
28.514000,-0.3023,-0.7101,3.3461,3.434
28.514000,-0.4751,-0.7800,2.9007,3.041
28.514000,-0.6305,-0.8160,2.4695,2.676
28.515000,-0.6754,-0.8824,2.1024,2.378
28.515000,-0.7153,-0.8615,1.7129,2.046
28.515000,-0.7554,-0.8443,1.3896,1.793
28.515000,-0.6595,-0.7734,1.0846,1.486
28.516000,-0.5548,-0.7207,0.9005,1.280
28.522000,-0.4343,-0.6911,0.6368,1.035
28.526000,-0.2334,-0.6273,0.3577,0.759
28.532000,0.0073,-0.5984,0.2715,0.657
28.536000,0.1211,-0.5662,-0.0574,0.582
28.544000,0.3636,-0.4275,-0.3660,0.670
28.546000,0.5248,-0.3186,-0.4391,0.755
28.551000,0.5934,-0.2512,-0.5235,0.830
28.556000,0.6945,-0.2373,-0.6238,0.963
28.623000,0.8143,-0.2220,-0.6541,1.068
28.624000,0.9128,-0.2553,-0.6911,1.173
28.624000,0.9711,-0.3133,-0.7969,1.295
28.624000,0.9398,-0.3123,-0.8686,1.317
28.624000,0.9339,-0.3409,-0.9302,1.361
28.625000,0.8990,-0.3272,-0.9962,1.381
28.625000,0.8615,-0.3597,-1.2196,1.536
28.625000,0.8043,-0.4121,-1.4759,1.731
28.625000,0.7057,-0.4697,-1.6576,1.862
28.626000,0.5847,-0.4989,-1.8628,2.015
28.626000,0.4671,-0.5352,-2.0846,2.202
28.626000,0.3556,-0.5451,-2.2991,2.389
28.626000,0.2926,-0.5380,-2.4777,2.552
28.627000,0.2757,-0.5281,-2.6108,2.678
28.632000,0.2085,-0.4868,-2.7608,2.811
28.636000,0.1556,-0.4475,-2.8750,2.914
28.641000,0.1618,-0.4391,-2.9629,3.000
28.647000,0.0953,-0.3589,-3.0051,3.028
28.650000,0.0347,-0.3025,-3.0616,3.077
28.655000,0.0277,-0.2630,-2.9793,2.991
28.661000,-0.0094,-0.2524,-2.9494,2.960
28.665000,-0.0746,-0.2299,-2.8428,2.853
28.670000,-0.1050,-0.2507,-2.7051,2.719
28.736000,-0.1287,-0.2835,-2.5100,2.529
28.737000,-0.1362,-0.3164,-2.3078,2.333
28.737000,-0.1222,-0.3063,-2.0915,2.117
28.738000,-0.0242,-0.3037,-1.9256,1.950
28.738000,-0.0046,-0.3204,-1.7526,1.782
28.738000,-0.0390,-0.2776,-1.6012,1.626
28.738000,-0.0509,-0.2782,-1.5097,1.536
28.739000,-0.0069,-0.2675,-1.4036,1.429
28.739000,0.0354,-0.2021,-1.3645,1.380
28.739000,0.0711,-0.2093,-1.3035,1.322
28.739000,0.1119,-0.1835,-1.2878,1.306
28.740000,0.2205,-0.1678,-1.3125,1.341
28.740000,0.3533,-0.1453,-1.2915,1.347
28.740000,0.5394,-0.0827,-1.3325,1.440
28.746000,0.7665,0.0846,-1.4569,1.648
28.751000,1.0820,0.4164,-1.6456,2.013
28.756000,1.4094,0.7498,-1.8385,2.435
28.760000,1.6204,1.0563,-1.9524,2.748
28.766000,1.8016,1.2642,-2.1355,3.067
28.771000,1.7698,1.3575,-2.3809,3.262
28.781000,1.2406,1.1026,-2.2372,2.786
28.784000,-1.8866,-0.3466,-0.6072,2.012
28.786000,-3.9592,-1.0813,-0.1468,4.107
28.789000,-2.6285,0.0719,-1.4472,3.001
28.861000,-1.8927,0.6380,-2.3123,3.056
28.861000,-1.2820,0.9571,-2.6684,3.111
28.862000,-0.6559,1.0553,-2.9676,3.217
28.862000,-0.2511,0.9012,-3.0206,3.162
28.862000,-0.0482,0.5979,-3.0358,3.095
28.863000,-0.3370,0.3948,-2.9108,2.957
28.863000,-0.8642,0.2732,-2.3973,2.563
28.863000,-1.1242,0.3650,-1.9242,2.258
28.863000,-1.1209,0.4955,-1.5513,1.977
28.864000,-0.9009,0.4905,-1.2789,1.639
28.864000,-0.5013,0.3408,-1.0832,1.241
28.864000,0.0065,0.2380,-0.9068,0.937
28.864000,0.6077,0.1945,-0.6732,0.928
28.865000,1.1749,0.2909,-0.2053,1.228
28.865000,1.6020,0.4382,0.4755,1.728
28.870000,1.7947,0.6643,1.0248,2.171
28.875000,1.8563,1.0086,1.6133,2.658
28.879000,1.9131,1.2381,2.1723,3.148
28.884000,2.0628,1.3510,2.5546,3.551
28.889000,2.1025,1.3305,2.7247,3.690
28.894000,1.8545,1.2570,2.6643,3.481
28.899000,1.3891,1.2405,2.5484,3.156
28.903000,0.7957,1.2266,2.5490,2.939
28.966000,0.1145,1.2054,2.5513,2.824
28.966000,-0.5350,1.1487,2.4474,2.756
28.967000,-1.0666,1.0142,2.1606,2.614
28.967000,-1.4306,0.8124,2.2190,2.762
28.967000,-1.8022,0.5860,2.3831,3.045
28.967000,-2.2883,0.4002,1.7106,2.885
28.968000,-2.3784,0.3618,1.4643,2.816
28.968000,-1.9936,0.4196,1.5187,2.541
28.968000,-1.5336,0.3856,-0.2864,1.607
28.969000,-0.6424,0.4262,-0.0934,0.777
28.969000,-0.0827,0.3674,0.6386,0.741
28.969000,0.0217,0.2596,0.5015,0.565
28.969000,0.1645,0.1445,0.3835,0.442
28.973000,0.4432,-0.0609,0.4039,0.603
29.013000,0.8094,-0.2152,0.5649,1.010
29.014000,1.3183,-0.1821,1.5956,2.078
29.014000,2.0090,0.0130,3.5321,4.063
29.014000,2.3454,0.1035,5.8913,6.342
29.015000,2.0303,0.1480,7.6205,7.888
29.015000,1.6222,0.0978,7.9796,8.143
29.015000,1.1431,0.0121,9.0676,9.139
29.015000,0.2663,-0.1400,10.0411,10.046
29.019000,-0.6530,-0.4431,8.2872,8.325
29.023000,-1.0290,-0.8470,6.3017,6.441
29.028000,-1.0151,-1.2036,4.5136,4.780
29.034000,-1.0059,-1.2081,2.9975,3.385
29.038000,-1.0432,-0.9970,2.0344,2.494
29.045000,-0.9645,-0.7893,1.4915,1.944
29.047000,-0.8523,-0.7827,1.1983,1.666
29.052000,-0.7490,-0.8045,0.9341,1.442
29.091000,-0.6789,-0.8283,0.6248,1.240
29.092000,-0.6830,-0.9378,0.4236,1.235
29.092000,-0.7757,-1.0732,0.3806,1.378
29.092000,-0.9302,-1.1583,0.3880,1.535
29.092000,-1.0646,-1.2027,0.3431,1.642
29.093000,-1.1262,-1.2020,0.2123,1.661
29.093000,-1.1652,-1.2064,0.1274,1.682
29.093000,-1.2095,-1.2207,-0.0743,1.720
29.098000,-1.1729,-1.2732,-0.4575,1.791
29.103000,-1.0900,-1.3827,-0.7804,1.926
29.108000,-1.0928,-1.6301,-1.1507,2.275
29.112000,-1.0576,-1.6101,-1.5500,2.472
29.117000,-0.9651,-1.3937,-1.8301,2.495
29.122000,-0.8664,-1.3571,-2.0604,2.615
29.128000,-0.7445,-1.2607,-2.1168,2.574
29.132000,-0.6086,-1.2072,-2.1166,2.512
29.137000,-0.5609,-1.3187,-2.0074,2.466
29.198000,-0.7123,-1.5710,-1.8516,2.531
29.199000,-0.5264,-1.6265,-1.7188,2.424
29.200000,0.4399,-1.2660,-1.4534,1.977
29.200000,0.8863,-0.6105,-0.9597,1.442
29.200000,1.0338,-0.1543,-0.7445,1.283
29.200000,1.0047,0.0801,-0.8140,1.296
29.201000,0.8439,0.1991,-0.7747,1.163
29.201000,0.5532,0.1848,-0.3558,0.683
29.201000,0.5476,0.1130,-0.0260,0.560
29.201000,0.7747,-0.0002,-0.3232,0.839
29.202000,0.8631,-0.0840,-0.8266,1.198
29.202000,0.7497,-0.1377,-1.1918,1.415
29.202000,0.5982,-0.1774,-1.3542,1.491
29.208000,0.5473,-0.2126,-1.6014,1.706
29.212000,0.5430,-0.2306,-1.9214,2.010
29.217000,0.5327,-0.2237,-2.1996,2.274
29.222000,0.4593,-0.1722,-2.2690,2.321
29.227000,0.3617,-0.1378,-2.1875,2.222
29.232000,0.3459,-0.1060,-2.1443,2.175
29.236000,0.3312,-0.0981,-2.1251,2.153
29.243000,0.3421,-0.0660,-2.1755,2.203
29.247000,0.3331,-0.0814,-2.2526,2.279
29.251000,0.2785,-0.0840,-2.1866,2.206
29.256000,0.1610,-0.1194,-2.0924,2.102
29.324000,0.0638,-0.1399,-1.9270,1.933
29.325000,0.0106,-0.1649,-1.7714,1.779
29.326000,0.0252,-0.1541,-1.6616,1.669
29.327000,-0.0192,-0.1625,-1.5735,1.582
29.328000,-0.0192,-0.1375,-1.5095,1.516
29.328000,-0.0994,-0.1557,-1.4648,1.476
29.329000,-0.2080,-0.1576,-1.4487,1.472
29.331000,-0.3076,-0.1623,-1.4371,1.479
29.332000,-0.3891,-0.1865,-1.3798,1.446
29.332000,-0.3663,-0.2136,-1.3317,1.398
29.333000,-0.3757,-0.2796,-1.3095,1.391
29.334000,-0.4528,-0.3150,-1.2201,1.339
29.335000,-0.4103,-0.3774,-0.9918,1.138
29.335000,-0.1577,-0.3689,-0.9809,1.060
29.335000,-0.2933,-0.3302,-0.8619,0.968
29.336000,-0.6086,-0.1897,-0.6924,0.941
29.341000,-0.7325,-0.0140,-0.6064,0.951
29.345000,-0.7493,0.0651,-0.4939,0.900
29.352000,-0.8149,0.1604,-0.3548,0.903
29.356000,-0.6978,0.2054,-0.2753,0.778
29.363000,-0.4033,0.2382,-0.1526,0.493
29.365000,-0.2129,0.2088,0.0157,0.299
29.370000,-0.0371,0.1795,0.1527,0.239
29.432000,0.1297,0.2056,0.3372,0.416
29.433000,0.2981,0.1817,0.5091,0.617
29.434000,0.4397,0.2061,0.6637,0.822
29.435000,0.5258,0.2359,0.7888,0.977
29.436000,0.5517,0.2661,0.9826,1.158
29.437000,0.5315,0.3113,1.2140,1.361
29.438000,0.4912,0.3402,1.5881,1.697
29.438000,0.4545,0.3355,1.9138,1.995
29.439000,0.2705,0.2993,2.2033,2.240
29.440000,0.0570,0.2382,2.4784,2.491
29.441000,-0.2530,0.1590,2.6724,2.689
29.442000,-0.5685,0.0283,2.6538,2.714
29.442000,-0.8088,-0.0969,2.3514,2.489
29.443000,-0.9845,-0.2185,1.9473,2.193
29.446000,-0.7567,-0.2815,1.4394,1.650
29.451000,-1.0665,-0.2781,1.0522,1.524
29.454000,-1.3540,-0.2718,0.5988,1.505
29.461000,-1.4070,-0.1928,0.2559,1.443
29.466000,-1.2261,0.0371,-0.1782,1.240
29.469000,-0.8646,0.4113,-0.7109,1.193
29.527000,-0.4744,0.8711,-1.0795,1.466
29.527000,0.0024,1.2478,-1.2203,1.745
29.528000,0.5713,1.5082,-1.0884,1.946
29.528000,1.0788,1.6674,-0.6298,2.083
29.528000,1.4098,1.6510,-0.0028,2.171
29.528000,1.6593,1.5450,0.7827,2.399
29.528000,1.7839,1.3483,1.8010,2.871
29.529000,1.8116,1.0292,2.9132,3.582
29.529000,1.8313,0.6905,3.9693,4.426
29.529000,1.7618,0.3447,4.3030,4.663
29.530000,1.6590,0.0558,4.4803,4.778
29.530000,1.4824,-0.1772,4.6313,4.866
29.535000,1.1676,-0.3600,4.5057,4.668
29.539000,0.7056,-0.5835,4.2691,4.366
29.547000,0.2216,-0.7405,3.9197,3.995
29.549000,-0.1400,-0.8453,3.4698,3.574
29.555000,-0.4404,-0.9531,3.0369,3.213
29.566000,-0.6801,-0.9803,2.6377,2.895
29.567000,-0.7883,-0.9844,2.3441,2.662
29.569000,-0.9067,-1.0660,2.0436,2.477
29.639000,-0.9708,-1.0599,1.6380,2.179
29.645000,-1.0215,-1.0398,1.1873,1.880
29.645000,-0.9180,-0.9265,0.8825,1.575
29.645000,-0.7483,-0.7985,0.6180,1.257
29.646000,-0.5209,-0.6862,0.4196,0.958
29.646000,-0.2449,-0.5916,0.3134,0.713
29.647000,0.0854,-0.4422,0.2318,0.506
29.649000,0.4161,-0.2064,0.1934,0.503
29.650000,0.7483,-0.0514,0.2075,0.778
29.650000,1.0117,0.0017,0.2259,1.037
29.650000,1.1693,-0.0133,0.1885,1.184
29.651000,1.2652,-0.0217,0.1689,1.277
29.652000,1.5434,-0.0614,0.0475,1.545
29.652000,1.9063,-0.1493,0.0180,1.912
29.653000,1.6273,-0.1584,0.0083,1.635
29.653000,1.3674,-0.1033,-0.0389,1.372
29.653000,1.1714,-0.0896,-0.0732,1.177
29.658000,0.9756,-0.0696,-0.1372,0.988
29.663000,0.8416,-0.0770,-0.2380,0.878
29.668000,0.8256,0.0335,-0.2721,0.870
29.675000,0.8335,0.0749,-0.2825,0.883
29.677000,0.8057,-0.0058,-0.4123,0.905
29.682000,0.8568,-0.0679,-0.4915,0.990
29.687000,0.9320,-0.1233,-0.5967,1.113
29.712000,0.9428,-0.1795,-0.7779,1.235
29.713000,0.8341,-0.1699,-0.8986,1.238
29.713000,0.6654,-0.1136,-0.9731,1.184
29.713000,0.5540,-0.1544,-1.1473,1.283
29.713000,0.6528,-0.1224,-1.3253,1.482
29.717000,0.7439,-0.1374,-1.3541,1.551
29.722000,0.4333,-0.1661,-1.4300,1.503
29.727000,0.1687,-0.2033,-1.5099,1.533
29.732000,0.0194,-0.2323,-1.6035,1.620
29.737000,-0.1505,-0.2889,-1.7324,1.763
29.741000,-0.2212,-0.2912,-1.8298,1.866
29.748000,-0.2169,-0.2632,-1.9987,2.028
29.752000,-0.2834,-0.2905,-2.1817,2.219
29.758000,-0.3252,-0.3562,-2.3813,2.430
29.765000,-0.3712,-0.3597,-2.5089,2.562
29.767000,-0.4026,-0.3365,-2.6605,2.712
29.772000,-0.4483,-0.3776,-2.8073,2.868
29.780000,-0.4825,-0.3556,-2.9016,2.963
29.782000,-0.5748,-0.3661,-2.9338,3.012
29.788000,-0.6823,-0.2920,-2.8611,2.956
29.809000,-0.7358,-0.2027,-2.7887,2.891
29.810000,-0.6997,-0.1605,-2.7213,2.814
29.810000,-0.5788,-0.1200,-2.5465,2.614
29.810000,-0.4779,-0.0144,-2.2381,2.289
29.811000,-0.2722,0.0268,-2.0666,2.085
29.816000,0.0650,0.0895,-2.0387,2.042
29.821000,0.3355,0.1496,-1.8890,1.924
29.826000,0.5015,0.1591,-1.8017,1.877
29.831000,0.6853,0.1445,-1.7338,1.870
29.836000,0.7048,0.1559,-1.6565,1.807
29.841000,0.7370,0.1599,-1.5218,1.698
29.847000,0.6887,0.1371,-1.3515,1.523
29.851000,0.6511,0.1500,-1.2794,1.443
29.857000,0.5332,0.1146,-1.1716,1.292
29.862000,0.4019,0.1075,-0.9920,1.076
29.866000,0.2496,0.1427,-0.8316,0.880
29.872000,0.1377,0.1749,-0.6710,0.707
29.878000,0.0131,0.2108,-0.4764,0.521
29.881000,-0.1455,0.1332,-0.3771,0.426
29.886000,-0.1878,0.0092,-0.3370,0.386
29.892000,-0.2521,-0.1325,-0.1074,0.304
29.897000,-0.2330,-0.1653,0.1226,0.311
29.901000,-0.2421,-0.2160,0.2046,0.384
29.906000,-0.3704,-0.2417,0.2129,0.491
29.966000,-0.4913,-0.2067,0.2746,0.600
29.967000,-0.5761,-0.1775,0.3128,0.679
29.967000,-0.5964,-0.0992,0.2536,0.656
29.967000,-0.5908,-0.0144,0.1924,0.622
29.967000,-0.5691,0.0342,0.1602,0.592
29.968000,-0.4885,0.0683,0.0924,0.502
29.968000,-0.3870,0.0839,0.0605,0.401
29.968000,-0.2410,0.1408,0.1241,0.305
29.968000,-0.0151,0.2513,0.2805,0.377
29.968000,0.2718,0.3458,0.5322,0.690
29.969000,0.5174,0.4839,0.7881,1.060
29.969000,0.6695,0.6318,1.0458,1.393
29.974000,0.7431,0.7606,1.3127,1.689
29.976000,0.6893,0.8766,1.4955,1.866
29.980000,0.5347,0.9917,1.4773,1.858
29.985000,0.3393,1.0723,1.3254,1.738
29.990000,0.1308,1.1232,0.9922,1.504
29.996000,-0.1376,1.1070,0.5641,1.250
30.001000,-0.3884,1.0721,0.2489,1.167
30.006000,-0.5292,1.0722,0.0224,1.196
30.016000,-0.5988,1.1506,0.0373,1.298
30.017000,-0.4825,1.2357,0.1928,1.340
30.021000,-0.3381,1.3154,0.3931,1.414
30.088000,-0.1852,1.3941,0.6863,1.565
30.088000,0.0053,1.4527,1.0362,1.784
30.089000,0.1883,1.5364,1.2731,2.004
30.089000,0.5560,1.5971,1.5525,2.296
30.089000,0.9080,1.5277,1.8167,2.541
30.089000,1.1903,1.3834,2.0272,2.728
30.090000,1.2870,1.1978,2.2411,2.848
30.090000,1.3475,1.0331,2.6137,3.117
30.090000,1.4279,0.9514,2.9964,3.453
30.090000,1.3977,0.8991,3.2268,3.630
30.091000,1.2076,0.8234,3.1734,3.494
30.091000,0.9170,0.6507,2.8629,3.076
30.091000,0.6354,0.5703,2.4221,2.568
30.091000,0.3145,0.5489,2.0737,2.168
30.096000,0.0250,0.5458,1.7101,1.795
30.100000,-0.1287,0.5444,1.3028,1.418
30.105000,-0.0785,0.4179,1.0193,1.104
30.110000,-0.3829,0.3073,0.7763,0.919
30.116000,-0.6455,0.3179,0.5882,0.929
30.120000,-0.7360,0.3893,0.5630,1.005
30.127000,-1.0421,0.3776,0.5308,1.229
30.130000,-1.3076,0.2687,0.3961,1.392
30.134000,-1.4136,0.0819,0.3239,1.453
30.139000,-1.3462,-0.1249,0.3261,1.391
30.191000,-1.0546,-0.3160,0.4647,1.195
30.192000,-0.7151,-0.4649,0.6364,1.064
30.193000,-0.4653,-0.5794,0.9057,1.172
30.193000,-0.2777,-0.6097,1.1578,1.338
30.193000,-0.1321,-0.5943,1.2515,1.392
30.193000,-0.1427,-0.6006,1.2684,1.411
30.194000,-0.0743,-0.5971,1.2465,1.384
30.194000,0.0300,-0.5915,1.1479,1.292
30.194000,0.0841,-0.5718,1.0299,1.181
30.194000,0.1578,-0.5667,0.8089,1.000
30.194000,0.1937,-0.6212,0.4703,0.803
30.199000,0.1416,-0.6703,0.1506,0.701
30.205000,0.0896,-0.7067,-0.0833,0.717
30.209000,0.0135,-0.7448,-0.3128,0.808
30.214000,-0.0728,-0.7607,-0.5472,0.940
30.220000,-0.1747,-0.7549,-0.7361,1.069
30.228000,-0.3121,-0.7605,-0.8484,1.181
30.229000,-0.4112,-0.7590,-0.9914,1.315
30.234000,-0.4605,-0.7389,-1.0716,1.381
30.239000,-0.5921,-0.7001,-1.1607,1.479
30.301000,-0.7634,-0.7221,-1.1844,1.583
30.302000,-0.8451,-0.7951,-1.3078,1.748
30.302000,-0.8833,-0.7279,-1.3416,1.764
30.302000,-0.9312,-0.5880,-1.3384,1.733
30.303000,-0.9361,-0.5049,-1.3316,1.704
30.303000,-0.9579,-0.5077,-1.3689,1.746
30.303000,-0.9915,-0.5051,-1.3810,1.774
30.303000,-1.0034,-0.4952,-1.3870,1.782
30.303000,-0.9480,-0.5374,-1.3965,1.771
30.304000,-0.8445,-0.5457,-1.4455,1.761
30.304000,-0.7383,-0.5366,-1.5053,1.760
30.304000,-0.7221,-0.5053,-1.5760,1.806
30.304000,-0.6883,-0.4657,-1.4831,1.700
30.314000,0.5701,-0.2653,-0.0531,0.631
30.315000,2.2503,0.0427,1.7205,2.833
30.319000,0.9902,-0.0148,0.3109,1.038
30.324000,-1.2025,-0.2133,-1.9182,2.274
30.329000,-1.7377,-0.4071,-2.5114,3.081
30.333000,-1.7142,-0.5019,-2.4113,3.001
30.337000,-1.6303,-0.4790,-2.3677,2.914
30.401000,-1.3375,-0.4350,-2.2796,2.679
30.402000,-0.8197,-0.4083,-2.0348,2.231
30.402000,-0.5642,-0.3564,-1.7122,1.838
30.402000,-0.5274,-0.3348,-1.4026,1.535
30.402000,-0.4525,-0.3536,-1.1991,1.330
30.403000,-0.3612,-0.2146,-1.0082,1.092
30.403000,-0.3470,-0.0718,-0.8750,0.944
30.403000,-0.3168,-0.0425,-0.7179,0.786
30.403000,-0.3083,-0.0004,-0.6493,0.719
30.404000,-0.3578,-0.1271,-0.6571,0.759
30.404000,-0.4299,-0.1451,-0.7673,0.891
30.404000,-0.4321,0.0313,-0.8409,0.946
30.404000,-0.3457,0.2083,-0.8994,0.986
30.411000,-0.3267,0.3191,-0.9762,1.078
30.412000,-0.3057,0.3736,-0.9999,1.110
30.418000,-0.3671,0.5085,-0.9560,1.143
30.422000,-0.4970,0.6471,-0.9042,1.218
30.433000,-0.5876,0.7462,-0.7777,1.228
30.434000,-0.7275,0.7584,-0.7248,1.277
30.437000,-0.9317,0.7174,-0.6283,1.333
30.506000,-1.0284,0.6522,-0.3783,1.275
30.507000,-1.1394,0.5344,-0.1304,1.265
30.507000,-1.1925,0.3521,0.1463,1.252
30.508000,-1.1038,0.1249,0.5232,1.228
30.508000,-0.9804,-0.0558,0.9020,1.333
30.508000,-0.7887,-0.1644,1.3450,1.568
30.508000,-0.5661,-0.1768,1.8471,1.940
30.509000,-0.3954,-0.0700,2.4130,2.446
30.509000,-0.2824,0.0596,2.9353,2.949
30.509000,-0.2017,0.1039,3.2799,3.288
30.509000,-0.0334,0.2658,3.4305,3.441
30.510000,0.0241,0.4060,3.3636,3.388
30.510000,0.0500,0.4145,3.1442,3.172
30.510000,-0.0179,0.4325,2.7770,2.811
30.513000,-0.1927,0.4132,2.2384,2.284
30.517000,-0.4034,0.4162,1.6339,1.734
30.522000,-0.6227,0.3495,0.8725,1.127
30.527000,-0.7785,0.3024,0.2485,0.871
30.531000,-0.6937,0.3737,-0.0612,0.790
30.537000,-0.4913,0.4181,-0.3037,0.713
30.544000,-0.2249,0.4118,-0.4095,0.623
30.546000,0.1319,0.4201,-0.4533,0.632
30.551000,0.4978,0.4358,-0.3325,0.741
30.556000,0.8691,0.5023,-0.0739,1.007
30.601000,1.2088,0.5526,0.2934,1.361
30.602000,1.4267,0.7129,0.7239,1.752
30.602000,1.6678,0.8514,1.1266,2.185
30.602000,1.9214,0.9363,1.4586,2.588
30.603000,2.1454,1.0416,1.7773,2.974
30.603000,2.2978,1.1648,2.0657,3.302
30.603000,2.4516,1.2097,2.1949,3.506
30.603000,2.5097,1.2029,2.1742,3.532
30.603000,2.5203,1.1712,2.0252,3.439
30.607000,2.5194,1.1009,1.8601,3.320
30.612000,2.4322,0.9833,1.6070,3.077
30.615000,2.2730,0.8310,1.4379,2.815
30.621000,2.0189,0.6708,1.4485,2.574
30.627000,1.6880,0.4668,1.5574,2.344
30.631000,1.2963,0.2381,1.8151,2.243
30.636000,1.0360,-0.0399,2.1143,2.355
30.645000,0.6989,-0.3580,2.5319,2.651
30.646000,0.3485,-0.6047,3.0849,3.163
30.650000,0.1472,-0.7237,3.6374,3.712
30.656000,0.0016,-0.7909,4.2476,4.321
30.718000,-0.1190,-0.8559,4.6435,4.723
30.720000,0.0854,-0.9456,4.3876,4.489
30.721000,0.1692,-0.9846,3.7049,3.837
30.721000,-0.1690,-0.8698,3.5115,3.622
30.721000,-0.5017,-0.7523,3.6084,3.720
30.721000,-0.4987,-0.7162,3.3262,3.439
30.723000,-0.2648,-0.7807,2.5982,2.726
30.726000,-0.0710,-0.8516,1.9769,2.154
30.727000,-0.1333,-0.8689,1.5914,1.818
30.730000,-0.2467,-0.7968,1.1141,1.392
30.731000,-0.2346,-0.7357,0.5186,0.930
30.731000,-0.1603,-0.6777,-0.0206,0.697
30.732000,-0.1491,-0.6369,-0.4341,0.785
30.733000,-0.0962,-0.5486,-0.6290,0.840
30.734000,0.0007,-0.4391,-0.7130,0.837
30.738000,0.1128,-0.3759,-0.7100,0.811
30.741000,0.2525,-0.3113,-0.7110,0.816
30.746000,0.4320,-0.2077,-0.6920,0.842
30.751000,0.7305,-0.0915,-0.6766,1.000
30.756000,1.0290,-0.0132,-0.8086,1.309
30.762000,1.4934,0.1521,-0.9684,1.786
30.766000,1.8715,0.3063,-1.1250,2.205
30.769000,1.9829,0.4140,-1.2789,2.396
30.835000,2.0106,0.5163,-1.3538,2.478
30.836000,1.9332,0.5465,-1.5556,2.541
30.836000,1.7990,0.5407,-1.8412,2.630
30.836000,1.5840,0.4589,-2.1125,2.680
30.837000,1.3645,0.2799,-2.3292,2.714
30.837000,1.0280,0.1406,-2.5631,2.765
30.837000,0.7155,-0.0069,-2.6874,2.781
30.838000,0.3877,-0.1552,-2.8028,2.834
30.838000,0.1399,-0.2949,-2.8181,2.837
30.838000,0.0075,-0.4023,-2.6665,2.697
30.838000,-0.0506,-0.4804,-2.5416,2.587
30.839000,-0.0392,-0.5131,-2.4311,2.485
30.839000,0.0218,-0.5463,-2.3826,2.445
30.839000,0.0058,-0.5805,-2.4796,2.547
30.846000,-0.0680,-0.6107,-2.7409,2.809
30.857000,-0.0635,-0.6342,-3.0112,3.078
30.858000,-0.0051,-0.5858,-3.1807,3.234
30.862000,0.1046,-0.5396,-3.1730,3.220
30.867000,0.2799,-0.4386,-3.0288,3.073
30.868000,0.3796,-0.3647,-2.9776,3.024
30.874000,0.3890,-0.2965,-3.0239,3.063
30.931000,0.3298,-0.3368,-2.9884,3.025
30.932000,0.2519,-0.3493,-2.9141,2.946
30.932000,0.2488,-0.3244,-2.7867,2.817
30.933000,0.2368,-0.3771,-2.6301,2.668
30.933000,0.1899,-0.3878,-2.5066,2.544
30.934000,0.1346,-0.4307,-2.4041,2.446
30.934000,0.1213,-0.4366,-2.4469,2.489
30.934000,0.1791,-0.4431,-2.4391,2.486
30.935000,0.2242,-0.3951,-2.4119,2.454
30.935000,0.2089,-0.3617,-2.4635,2.499
30.935000,0.1909,-0.3066,-2.4050,2.432
30.935000,0.3522,-0.2916,-2.4042,2.447
30.938000,0.6480,-0.3140,-2.4183,2.523
30.944000,0.6887,-0.1988,-2.2273,2.340
30.950000,0.5014,0.0441,-1.7479,1.819
30.954000,0.2389,0.2486,-1.2453,1.292
30.962000,0.2290,0.2446,-0.9539,1.011
30.964000,0.3643,0.1756,-0.9976,1.076
30.968000,0.3625,0.1714,-1.1682,1.235
30.972000,0.0799,0.2061,-1.2434,1.263
31.020000,-0.0684,0.2010,-1.2233,1.242
31.021000,-0.0522,0.1777,-1.0983,1.114
31.021000,-0.0633,0.1024,-1.0286,1.036
31.021000,-0.0399,0.0662,-0.9448,0.948
31.022000,-0.1090,0.0738,-0.7321,0.744
31.022000,-0.1079,0.0247,-0.3620,0.379
31.022000,-0.0367,0.0263,-0.0377,0.059
31.022000,0.0434,-0.0029,0.3195,0.322
31.022000,0.1664,0.0157,0.7696,0.788
31.023000,0.0676,-0.0019,1.2001,1.202
31.030000,-0.0277,-0.0058,1.5489,1.549
31.036000,-0.1279,0.0179,1.7158,1.721
31.037000,-0.3049,0.1173,1.4545,1.491
31.047000,-0.4947,0.2234,1.1553,1.277
31.048000,-0.6427,0.3320,1.0572,1.281
31.053000,-0.7683,0.4284,1.0212,1.348
31.057000,-0.8457,0.4862,1.0381,1.425
31.062000,-0.8924,0.5483,1.1747,1.574
31.067000,-0.7990,0.6024,1.2303,1.586
31.073000,-0.7286,0.6865,1.2482,1.600
31.077000,-0.7250,0.7025,1.2691,1.622
31.082000,-0.8629,0.7368,0.9130,1.456
31.087000,-0.9762,0.7685,0.7014,1.427
31.141000,-0.7901,0.8389,1.0235,1.541
31.141000,-0.5648,0.9429,1.5251,1.880
31.141000,-0.2588,1.0489,2.0863,2.349
31.142000,0.0907,1.1208,2.5157,2.756
31.142000,0.3411,1.1951,2.7773,3.043
31.142000,0.3905,1.1791,2.7896,3.054
31.143000,0.2493,1.0838,2.5978,2.826
31.143000,0.1639,0.9293,2.6416,2.805
31.143000,0.0729,0.7833,2.8246,2.932
31.143000,-0.0251,0.6768,3.1681,3.240
31.144000,-0.1099,0.5761,3.4637,3.513
31.147000,-0.2310,0.4523,3.6183,3.654
31.151000,-0.3283,0.3888,3.6298,3.665
31.158000,-0.4329,0.3521,3.5557,3.599
31.162000,-0.6051,0.3033,3.3677,3.435
31.166000,-0.7764,0.2282,3.1020,3.206
31.171000,-0.8910,0.1455,2.8835,3.021
31.177000,-0.8759,0.0854,2.7390,2.877
31.181000,-0.9303,-0.0649,2.6184,2.780
31.186000,-0.8115,-0.0404,2.3404,2.477
31.233000,-0.7024,0.0867,2.2666,2.375
31.234000,-0.6441,0.0479,2.3012,2.390
31.235000,-0.5789,0.0175,2.1957,2.271
31.235000,-0.5904,-0.0690,2.1820,2.262
31.235000,-0.6329,-0.1755,2.1715,2.269
31.236000,-0.6677,-0.2991,2.1282,2.250
31.236000,-0.6661,-0.4228,2.1665,2.306
31.236000,-0.5983,-0.4798,2.2601,2.387
31.236000,-0.6143,-0.5390,2.1600,2.309
31.237000,-0.6011,-0.6416,2.1582,2.330
31.241000,-0.6343,-0.7441,2.0056,2.231
31.246000,-0.7090,-0.7914,1.7717,2.066
31.251000,-0.6812,-0.8529,1.5235,1.874
31.256000,-0.6705,-0.8830,1.2920,1.702
31.263000,-0.6482,-0.9058,1.0485,1.530
31.266000,-0.5736,-0.8903,0.7955,1.325
31.270000,-0.5087,-0.8938,0.5234,1.154
31.275000,-0.4442,-0.8571,0.2492,0.997
31.280000,-0.4041,-0.8208,-0.0415,0.916
31.285000,-0.3029,-0.8045,-0.2910,0.908
31.293000,-0.2511,-0.7316,-0.5304,0.938
31.296000,-0.2511,-0.7149,-0.8027,1.104
31.300000,-0.2104,-0.6823,-1.0408,1.262
31.305000,-0.1196,-0.6006,-1.2063,1.353
31.353000,-0.0509,-0.4964,-1.2922,1.385
31.354000,0.0052,-0.4346,-1.4371,1.501
31.354000,0.0629,-0.4126,-1.5883,1.642
31.354000,0.0429,-0.3802,-1.7219,1.764
31.355000,0.0147,-0.3496,-1.7660,1.800
31.355000,-0.0027,-0.3134,-1.8548,1.881
31.355000,-0.0667,-0.3360,-1.9333,1.963
31.356000,-0.1506,-0.2857,-1.9632,1.990
31.356000,-0.1991,-0.2102,-1.9975,2.018
31.356000,-0.1736,-0.1766,-2.0911,2.106
31.364000,-0.1079,-0.1173,-2.3301,2.336
31.367000,-0.0810,-0.0462,-2.5233,2.525
31.371000,-0.0592,-0.0061,-2.6901,2.691
31.375000,-0.0762,0.0657,-2.7635,2.765
31.380000,-0.0817,0.0999,-2.7605,2.764
31.385000,-0.0806,0.1562,-2.7218,2.727
31.391000,-0.0661,0.1743,-2.7358,2.742
31.396000,-0.0983,0.1401,-2.7042,2.710
31.400000,-0.1006,0.1203,-2.5888,2.594
31.404000,-0.0612,0.0977,-2.4493,2.452
31.410000,0.0529,0.1657,-2.3647,2.371
31.416000,0.1845,0.2616,-2.2606,2.283
31.419000,0.2572,0.3399,-2.1729,2.214
31.432000,0.2879,0.3787,-2.1183,2.171
31.434000,0.2456,0.3420,-1.9196,1.965
31.435000,0.2524,0.2848,-1.7347,1.776
31.439000,0.2510,0.2523,-1.6475,1.685
31.514000,0.1531,0.1586,-1.5931,1.608
31.515000,-0.0431,0.1208,-1.5620,1.567
31.515000,-0.1314,0.1298,-1.5831,1.594
31.515000,-0.1668,0.1329,-1.5895,1.604
31.516000,-0.1393,0.0707,-1.6123,1.620
31.516000,-0.2495,0.0438,-1.5131,1.534
31.516000,-0.3108,0.0789,-1.5933,1.625
31.516000,-0.3399,0.1162,-1.1928,1.246
31.516000,-0.2626,0.1238,-0.9958,1.037
31.517000,-0.0821,0.2594,-1.2531,1.282
31.517000,-0.0867,0.3797,-0.9357,1.014
31.517000,-0.2893,0.4966,-0.6901,0.898
31.517000,-0.5460,0.5766,-0.6071,1.000
31.517000,-0.6066,0.6175,-0.8012,1.180
31.518000,-0.5770,0.6878,-1.0143,1.355
31.518000,-0.6080,0.6778,-0.9788,1.337
31.526000,-0.6920,0.6385,-0.7812,1.223
31.529000,-0.7191,0.6130,-0.5080,1.073
31.534000,-0.5765,0.5296,-0.2047,0.809
31.540000,-0.4289,0.4290,0.2169,0.644
31.544000,-0.3743,0.3229,0.7187,0.872
31.549000,-0.3309,0.2656,1.1477,1.224
31.554000,-0.1791,0.2063,1.5066,1.531
31.626000,-0.0530,0.1377,1.7476,1.754
31.626000,0.0070,0.1099,1.8997,1.903
31.626000,0.0108,0.1656,2.0682,2.075
31.627000,0.1049,0.1970,2.1742,2.186
31.627000,0.1388,0.2781,2.1842,2.206
31.627000,0.2204,0.3224,2.1967,2.231
31.628000,0.2920,0.3367,2.0730,2.120
31.628000,0.2958,0.3449,1.9234,1.976
31.628000,0.3441,0.3539,1.7577,1.826
31.628000,0.4050,0.4333,1.4301,1.548
31.628000,0.4706,0.5324,1.1777,1.375
31.629000,0.4635,0.5942,1.0005,1.253
31.629000,0.5001,0.6766,0.8769,1.215
31.629000,0.4650,0.6744,0.7900,1.138
31.629000,0.4510,0.6625,0.7946,1.129
31.635000,0.4338,0.6340,0.8786,1.167
31.639000,0.3828,0.5251,1.0727,1.254
31.644000,0.2723,0.3267,1.3716,1.436
31.648000,0.0933,0.1566,1.7127,1.722
31.653000,-0.0213,0.0273,2.0764,2.077
31.662000,-0.0035,-0.0639,2.4912,2.492
31.663000,0.0377,-0.1218,2.8637,2.867
31.667000,0.0218,-0.1799,3.2224,3.227
31.672000,0.1415,-0.1930,3.4188,3.427
31.728000,0.2798,-0.1132,3.4413,3.454
31.728000,0.4400,0.0618,3.3113,3.341
31.729000,0.5433,0.1527,2.9475,3.001
31.729000,0.5797,0.1434,2.4484,2.520
31.729000,0.6822,0.2301,1.9958,2.122
31.729000,0.7511,0.3165,1.6407,1.832
31.730000,0.6164,0.2829,1.2919,1.459
31.730000,0.5272,0.0696,1.0673,1.192
31.730000,0.4843,-0.1204,0.9789,1.099
31.730000,0.5541,-0.3015,1.1678,1.327
31.731000,0.5825,-0.3837,1.4141,1.577
31.734000,0.5741,-0.3700,1.6056,1.745
31.738000,0.6229,-0.3228,1.8188,1.949
31.742000,0.6025,-0.2683,2.0106,2.116
31.747000,0.6931,-0.2904,2.1521,2.280
31.752000,0.7187,-0.3723,2.2888,2.428
31.760000,0.6610,-0.4710,2.3943,2.528
31.764000,0.6426,-0.5507,2.4328,2.576
31.767000,0.6500,-0.6398,2.2988,2.473
31.773000,0.5973,-0.6883,2.1195,2.307
31.831000,0.5826,-0.7321,1.8732,2.094
31.832000,0.5224,-0.7421,1.6102,1.848
31.832000,0.4503,-0.7400,1.3329,1.590
31.832000,0.3992,-0.7165,1.1205,1.389
31.832000,0.3618,-0.6788,0.9369,1.212
31.832000,0.3228,-0.6658,0.7157,1.029
31.833000,0.2940,-0.6970,0.4043,0.858
31.833000,0.2748,-0.6839,0.1370,0.750
31.833000,0.2430,-0.6270,-0.0671,0.676
31.833000,0.2510,-0.5720,-0.3346,0.709
31.834000,0.2624,-0.5167,-0.6007,0.835
31.834000,0.2695,-0.4634,-0.9086,1.055
31.837000,0.2917,-0.4334,-1.1722,1.283
31.843000,0.2286,-0.4217,-1.3629,1.445
31.847000,0.1355,-0.3635,-1.3710,1.425
31.852000,0.1059,-0.3905,-1.5554,1.607
31.868000,0.0633,-0.3563,-1.7534,1.790
31.868000,0.0295,-0.3015,-1.7881,1.814
31.869000,-0.0238,-0.3169,-1.9205,1.947
31.872000,-0.0323,-0.3472,-2.1050,2.134
31.948000,0.0042,-0.2848,-2.2626,2.280
31.949000,0.0638,-0.2658,-2.4080,2.423
31.949000,0.0802,-0.2729,-2.5006,2.517
31.949000,0.0921,-0.2461,-2.6698,2.683
31.950000,0.1065,-0.2426,-2.7768,2.789
31.950000,0.1116,-0.2407,-2.8458,2.858
31.950000,0.1216,-0.1830,-2.9006,2.909
31.950000,0.1172,-0.1367,-2.8719,2.878
31.951000,0.1198,-0.0994,-2.8769,2.881
31.951000,0.1579,-0.0404,-2.8484,2.853
31.951000,0.1929,0.0209,-2.7865,2.793
31.951000,0.2127,0.0511,-2.7030,2.712
31.952000,0.1983,0.0956,-2.6722,2.681
31.952000,0.1611,0.1349,-2.6053,2.614
31.952000,0.2016,0.1644,-2.4810,2.495
31.953000,0.2459,0.1554,-2.4092,2.427
31.957000,0.2172,0.0957,-2.3015,2.314
31.962000,0.2114,0.0906,-2.2032,2.215
31.965000,0.2263,0.1188,-2.0977,2.113
31.970000,0.2500,0.1443,-2.0089,2.030
31.979000,0.3047,0.1862,-1.9775,2.009
31.981000,0.3306,0.2254,-1.9962,2.036
31.985000,0.3926,0.2813,-2.0556,2.112
32.048000,0.4810,0.3107,-2.1986,2.272
32.050000,0.4979,0.3117,-2.2507,2.326
32.051000,0.4931,0.3037,-2.2502,2.324
32.052000,0.4978,0.3319,-2.1926,2.273
32.053000,0.4929,0.2313,-2.0993,2.169
32.054000,0.4186,0.2482,-1.9750,2.034
32.055000,0.4210,0.2314,-1.8772,1.938
32.055000,0.3802,0.2432,-1.7317,1.790
32.056000,0.4325,0.2596,-1.5861,1.664
32.058000,0.4198,0.3353,-1.4167,1.515
32.059000,0.4307,0.3866,-1.3024,1.425
32.059000,0.4918,0.3919,-1.2142,1.367
32.061000,0.4883,0.4900,-1.1691,1.358
32.062000,0.4849,0.5590,-1.0809,1.310
32.062000,0.5581,0.5702,-0.9639,1.251
32.066000,0.5881,0.6098,-0.8877,1.227
32.071000,0.5077,0.6489,-0.7372,1.106
32.075000,0.4652,0.6084,-0.6393,0.998
32.081000,0.4338,0.5674,-0.4981,0.871
32.085000,0.3633,0.5281,-0.3161,0.715
32.090000,0.3563,0.5240,-0.1795,0.659
32.152000,0.3749,0.5026,-0.0475,0.629
32.153000,0.3736,0.4977,0.1610,0.643
32.153000,0.3022,0.4640,0.2904,0.625
32.153000,0.2687,0.4162,0.4579,0.675
32.154000,0.1749,0.3089,0.5677,0.670
32.154000,0.0517,0.2142,0.8160,0.845
32.154000,-0.0932,0.1438,1.0782,1.092
32.154000,-0.1115,0.0090,1.2922,1.297
32.155000,-0.1393,-0.0490,1.5227,1.530
32.155000,-0.1643,-0.0186,1.6358,1.644
32.155000,-0.1144,0.1289,1.7272,1.736
32.155000,-0.1210,0.2565,1.7660,1.789
32.155000,-0.1028,0.3478,1.7331,1.771
32.159000,-0.0766,0.5056,1.7362,1.810
32.164000,-0.0062,0.6674,1.7633,1.885
32.170000,-0.0835,0.8116,1.8576,2.029
32.174000,-0.1603,0.8015,1.4787,1.690
32.180000,0.0228,0.8489,1.4015,1.639
32.185000,0.1154,0.8841,1.7979,2.007
32.188000,-0.0482,0.9040,1.9765,2.174
32.258000,-0.2554,0.8798,1.9737,2.176
32.258000,-0.4204,0.9046,2.3804,2.581
32.259000,-0.2990,0.9612,2.6199,2.807
32.259000,-0.2476,1.0257,2.6351,2.838
32.259000,-0.2543,1.0431,2.5075,2.728
32.259000,-0.1466,1.0788,2.4426,2.674
32.260000,-0.0413,1.1331,2.3112,2.574
32.260000,-0.0912,1.1871,2.1728,2.478
32.260000,-0.0830,1.2101,2.0201,2.356
32.261000,-0.0857,1.2285,1.8556,2.227
32.261000,-0.0302,1.2568,1.5955,2.031
32.261000,-0.0865,1.2956,1.3018,1.839
32.262000,-0.1928,1.2925,1.1037,1.710
32.262000,-0.3664,1.2455,0.9650,1.618
32.264000,-0.5286,1.1909,0.8543,1.558
32.270000,-0.6918,1.1242,0.7335,1.510
32.273000,-0.8921,1.0122,0.7074,1.523
32.279000,-1.0293,0.9102,0.6924,1.539
32.284000,-1.1063,0.8540,0.7791,1.600
32.289000,-1.1494,0.7294,0.8598,1.610
32.294000,-1.1543,0.5796,1.0944,1.693
32.298000,-1.0657,0.3787,1.3967,1.797
32.302000,-1.1512,0.2870,1.8837,2.226
32.367000,-1.0629,0.2134,2.3542,2.592
32.368000,-0.8380,0.1413,2.8105,2.936
32.369000,-0.7965,0.0395,3.1858,3.284
32.369000,-0.8632,-0.1069,3.4756,3.583
32.369000,-0.8292,-0.2865,3.5773,3.683
32.369000,-0.7677,-0.4187,3.4866,3.595
32.370000,-0.7721,-0.5421,3.2950,3.427
32.370000,-0.6896,-0.6650,3.0219,3.170
32.370000,-0.6116,-0.8214,2.5985,2.793
32.370000,-0.5603,-0.9041,2.1663,2.413
32.371000,-0.4695,-1.0023,1.6539,1.990
32.371000,-0.3611,-1.1043,1.1498,1.635
32.371000,-0.2524,-1.1939,0.6856,1.400
32.374000,-0.2016,-1.2737,0.2493,1.313
32.382000,0.2047,-1.2290,-0.2955,1.280
32.383000,0.5930,-1.2176,-0.7549,1.551
32.389000,-0.1058,-1.5122,-0.4523,1.582
32.395000,-0.2051,-1.4531,-0.5147,1.555
32.397000,-0.2864,-1.5386,-0.4705,1.634
32.402000,-0.2133,-1.5722,-0.6569,1.717
32.407000,-0.0767,-1.5083,-0.8323,1.724
32.462000,0.0060,-1.4664,-0.9251,1.734
32.463000,0.1861,-1.2906,-1.2153,1.783
32.463000,0.3183,-1.0928,-1.5763,1.944
32.463000,0.3145,-0.9008,-1.8242,2.059
32.464000,0.2590,-0.7594,-1.9689,2.126
32.464000,0.2384,-0.6636,-2.1902,2.301
32.464000,0.2025,-0.6106,-2.4329,2.516
32.464000,0.2158,-0.5691,-2.6230,2.693
32.465000,0.2467,-0.5081,-2.8824,2.937
32.465000,0.2690,-0.4325,-3.0987,3.140
32.465000,0.1984,-0.3803,-3.2910,3.319
32.467000,0.1784,-0.3635,-3.4426,3.466
32.473000,0.1535,-0.3153,-3.5344,3.552
32.479000,0.1591,-0.2572,-3.6142,3.627
32.481000,0.1900,-0.2393,-3.7060,3.719
32.486000,0.2055,-0.2234,-3.6950,3.707
32.493000,0.2246,-0.1571,-3.5691,3.580
32.497000,0.2471,-0.1406,-3.4053,3.417
32.501000,0.2275,-0.1097,-3.1961,3.206
32.506000,0.1467,-0.1174,-2.9081,2.914
32.574000,0.0579,-0.1350,-2.6489,2.653
32.575000,0.0425,-0.0960,-2.3993,2.402
32.575000,0.0455,-0.1109,-2.2643,2.267
32.576000,0.0385,-0.1220,-2.1576,2.161
32.576000,-0.0907,-0.1962,-2.0173,2.029
32.576000,-0.2198,-0.2686,-2.0012,2.031
32.576000,-0.2602,-0.2795,-1.9203,1.958
32.577000,-0.2618,-0.2385,-1.8201,1.854
32.577000,-0.2677,-0.2150,-1.7270,1.761
32.577000,-0.2206,-0.1923,-1.6744,1.700
32.577000,-0.1946,-0.1677,-1.5930,1.614
32.578000,-0.1369,-0.1247,-1.5019,1.513
32.578000,-0.1361,-0.0466,-1.4083,1.416
32.578000,-0.1516,0.0855,-1.3121,1.324
32.580000,-0.1545,0.1733,-1.2468,1.268
32.587000,-0.0730,0.2601,-1.2577,1.286
32.591000,0.0107,0.3986,-1.2372,1.300
32.595000,-0.0328,0.4786,-1.2020,1.294
32.604000,-0.0908,0.4912,-1.1117,1.219
32.606000,-0.1612,0.5085,-0.9830,1.118
32.611000,-0.2298,0.5664,-0.8043,1.010
32.615000,-0.2485,0.5742,-0.5972,0.865
32.620000,-0.2250,0.6323,-0.4499,0.808
32.683000,-0.2193,0.6808,-0.2694,0.764
32.685000,-0.2363,0.5979,-0.1415,0.658
32.685000,-0.2493,0.4965,0.0362,0.557
32.685000,-0.2896,0.4796,0.2398,0.609
32.686000,-0.2634,0.4084,0.5626,0.743
32.686000,-0.3353,0.3066,1.0761,1.168
32.686000,-0.3013,0.1144,0.9886,1.040
32.686000,-0.3790,-0.1365,1.1376,1.207
32.687000,-0.5443,-0.3477,1.4030,1.545
32.687000,-0.5430,-0.4551,1.7155,1.856
32.687000,-0.4517,-0.4161,2.0488,2.139
32.687000,-0.2247,-0.2889,2.2884,2.318
32.688000,0.0040,-0.1173,2.3892,2.392
32.692000,0.1052,0.1459,2.3780,2.385
32.695000,0.2247,0.3759,2.3052,2.346
32.701000,0.3717,0.5722,2.0827,2.192
32.706000,0.5193,0.6992,1.7179,1.926
32.710000,0.5733,0.7478,1.4690,1.745
32.715000,0.5470,0.8428,1.2524,1.606
32.719000,0.5142,0.8651,1.1680,1.542
32.728000,0.4270,0.8875,1.1987,1.551
32.730000,0.3168,0.7523,1.3825,1.605
32.735000,0.2240,0.6513,1.5636,1.709
32.739000,0.2130,0.7186,1.8830,2.027
32.799000,0.1215,0.7795,2.2258,2.361
32.799000,0.1201,0.7097,2.5510,2.651
32.799000,0.0924,0.7343,2.8229,2.918
32.800000,0.1230,0.7651,3.0387,3.136
32.800000,0.2318,0.8119,3.0382,3.153
32.800000,0.4697,0.9230,2.9600,3.136
32.800000,0.6761,0.9502,2.7778,3.013
32.801000,0.7842,0.8701,2.4606,2.725
32.801000,0.8129,0.5996,2.1277,2.355
32.801000,0.8190,0.2573,1.9295,2.112
32.801000,0.8014,-0.0775,1.7510,1.927
32.802000,0.7309,-0.3137,1.7211,1.896
32.804000,0.7129,-0.4916,1.8085,2.005
32.812000,0.7519,-0.5903,2.0205,2.235
32.814000,0.8173,-0.6104,2.2207,2.444
32.819000,0.9166,-0.5766,2.3834,2.618
32.827000,0.9448,-0.6190,2.5519,2.791
32.830000,0.9645,-0.6810,2.6789,2.928
32.833000,0.9783,-0.7592,2.7912,3.054
32.838000,0.9384,-0.8165,2.8153,3.078
32.900000,0.8385,-0.8561,2.8328,3.076
32.901000,0.7481,-0.9055,2.7964,3.033
32.901000,0.6812,-0.9465,2.7233,2.963
32.902000,0.5638,-0.9173,2.5251,2.745
32.902000,0.5127,-0.8566,2.2309,2.444
32.902000,0.4315,-0.7784,1.8884,2.088
32.902000,0.4172,-0.7280,1.5837,1.792
32.903000,0.3236,-0.6689,1.2975,1.495
32.903000,0.2341,-0.6241,1.0606,1.253
32.903000,0.2152,-0.5503,0.8128,1.005
32.903000,0.2098,-0.4325,0.6568,0.814
32.904000,0.1693,-0.3559,0.4535,0.601
32.905000,0.1489,-0.3299,0.3606,0.511
32.910000,0.0939,-0.3587,0.2440,0.444
32.914000,-0.0123,-0.3940,0.1177,0.411
32.918000,-0.0450,-0.3970,0.0582,0.404
32.925000,-0.1259,-0.4084,-0.0734,0.434
32.929000,-0.1758,-0.4398,-0.2269,0.525
32.933000,-0.2040,-0.4434,-0.4190,0.643
32.938000,-0.2348,-0.4675,-0.6902,0.866
32.945000,-0.2347,-0.4737,-1.0093,1.139
32.949000,-0.2063,-0.4956,-1.2780,1.386
32.953000,-0.1953,-0.4759,-1.5563,1.639
33.023000,-0.2304,-0.5272,-1.7867,1.877
33.023000,-0.3402,-0.4298,-1.8542,1.934
33.024000,-0.2803,-0.2728,-1.9073,1.947
33.024000,-0.0773,-0.2286,-2.1012,2.115
33.024000,-0.0018,-0.2382,-2.2275,2.240
33.025000,-0.0155,-0.2798,-2.2505,2.268
33.025000,-0.0683,-0.3326,-2.2321,2.258
33.025000,-0.1004,-0.4306,-2.2654,2.308
33.025000,-0.0950,-0.4471,-2.2333,2.280
33.026000,-0.0716,-0.4183,-2.2481,2.288
33.026000,-0.0372,-0.4041,-2.2499,2.286
33.026000,0.0172,-0.3352,-2.3654,2.389
33.026000,0.1106,-0.2642,-2.4033,2.420
33.027000,0.1832,-0.1789,-2.4379,2.451
33.029000,0.2471,-0.0789,-2.4597,2.473
33.034000,0.2809,-0.0020,-2.4952,2.511
33.038000,0.3280,0.0427,-2.5087,2.530
33.043000,0.3625,0.0531,-2.5267,2.553
33.047000,0.3229,0.1066,-2.5279,2.551
33.052000,0.3268,0.0909,-2.6152,2.637
33.064000,0.3456,0.0785,-2.6884,2.712
33.065000,0.3415,0.0744,-2.6902,2.713
33.068000,0.2953,0.0930,-2.6830,2.701
33.072000,0.2668,0.0221,-2.7049,2.718
33.129000,0.2153,-0.0233,-2.6868,2.696
33.130000,0.2032,0.0140,-2.6382,2.646
33.131000,0.1798,0.0835,-2.5949,2.602
33.132000,0.2240,0.1300,-2.5329,2.546
33.133000,0.3045,0.1558,-2.4689,2.492
33.134000,0.3775,0.1964,-2.3909,2.428
33.135000,0.4407,0.1871,-2.3107,2.360
33.136000,0.4867,0.1589,-2.1972,2.256
33.137000,0.4507,0.1619,-2.0600,2.115
33.138000,0.4501,0.1550,-1.9036,1.962
33.139000,0.5061,0.1594,-1.7375,1.817
33.141000,0.4872,0.2178,-1.5522,1.641
33.142000,0.4248,0.2179,-1.4719,1.547
33.143000,0.3909,0.2816,-1.4034,1.484
33.148000,0.3353,0.2942,-1.2986,1.373
33.153000,0.2918,0.3277,-1.1867,1.265
33.158000,0.2005,0.3057,-1.0986,1.158
33.162000,0.1216,0.2715,-0.9004,0.948
33.166000,0.0929,0.2225,-0.7310,0.770
33.171000,0.0978,0.2305,-0.5617,0.615
33.179000,0.0903,0.1882,-0.3949,0.447
33.182000,0.1039,0.1313,-0.1923,0.255
33.187000,0.0572,0.1221,0.0485,0.143
33.191000,0.0339,0.0961,0.2196,0.242
33.267000,-0.0425,0.0129,0.3786,0.381
33.268000,-0.1291,-0.0771,0.5420,0.563
33.269000,-0.2384,-0.1094,0.7603,0.804
33.269000,-0.3723,-0.1509,0.9303,1.013
33.270000,-0.4182,-0.1537,1.0355,1.127
33.270000,-0.4163,-0.1081,1.1211,1.201
33.270000,-0.3636,0.0742,1.2687,1.322
33.272000,-0.3217,0.2498,1.3870,1.446
33.273000,-0.2519,0.4137,1.4284,1.508
33.273000,-0.1803,0.5416,1.4960,1.601
33.273000,-0.1430,0.6455,1.5371,1.673
33.274000,-0.1520,0.6844,1.6212,1.766
33.274000,-0.1838,0.6678,1.7054,1.841
33.275000,-0.2695,0.6076,1.8064,1.925
33.275000,-0.3569,0.5278,1.9481,2.050
33.275000,-0.4030,0.4401,2.1354,2.217
33.276000,-0.4374,0.3826,2.3588,2.429
33.281000,-0.4675,0.3693,2.5036,2.574
33.285000,-0.4528,0.4313,2.6201,2.694
33.291000,-0.4266,0.5854,2.7058,2.801
33.296000,-0.3987,0.7096,2.7417,2.860
33.300000,-0.3135,0.8213,2.6941,2.834
33.306000,-0.2503,0.9203,2.6085,2.777
33.372000,-0.2830,0.9284,2.5350,2.714
33.373000,-0.3895,0.8799,2.4948,2.674
33.373000,-0.4742,0.8969,2.4136,2.618
33.374000,-0.6207,0.9056,2.3367,2.582
33.374000,-0.7742,0.8732,2.3046,2.583
33.374000,-0.9270,0.7856,2.4077,2.697
33.375000,-0.9141,0.6915,2.3660,2.629
33.376000,-0.9064,0.8155,2.4786,2.762
33.377000,-0.8755,1.0397,2.5374,2.879
33.377000,-0.9482,1.0867,2.5521,2.931
33.378000,-1.0940,0.9519,2.7045,3.069
33.378000,-1.1645,0.7624,2.9370,3.250
33.379000,-1.3035,0.6682,3.2520,3.567
33.379000,-1.3432,0.6066,3.4252,3.729
33.381000,-1.3027,0.4601,3.5163,3.778
33.385000,-1.2729,0.2984,3.5854,3.816
33.389000,-1.2296,0.1165,3.6587,3.862
33.395000,-1.1793,-0.0355,3.6669,3.852
33.401000,-1.1240,-0.1746,3.6271,3.801
33.405000,-1.1013,-0.3562,3.5273,3.712
33.412000,-1.0630,-0.4513,3.2722,3.470
33.414000,-0.9395,-0.5295,2.9647,3.155
33.419000,-0.8290,-0.5623,2.5525,2.742
33.424000,-0.7098,-0.5765,2.1720,2.357
33.480000,-0.5586,-0.5986,1.7612,1.942
33.481000,-0.4357,-0.6192,1.3394,1.539
33.481000,-0.3580,-0.7105,0.9211,1.217
33.482000,-0.3044,-0.7792,0.5756,1.015
33.482000,-0.2009,-0.8735,0.2792,0.939
33.482000,-0.1699,-0.9123,-0.0328,0.929
33.482000,-0.1303,-0.9579,-0.2718,1.004
33.482000,-0.0797,-0.9842,-0.5215,1.117
33.483000,-0.0061,-0.9743,-0.7581,1.234
33.483000,0.0641,-0.9905,-1.0364,1.435
33.483000,0.1117,-0.9562,-1.2969,1.615
33.483000,0.1010,-0.9739,-1.4940,1.786
33.490000,0.1040,-0.9404,-1.6903,1.937
33.496000,0.1352,-0.9129,-1.9289,2.138
33.499000,0.1399,-0.8863,-2.1286,2.310
33.504000,0.1614,-0.8144,-2.3399,2.483
33.511000,0.1879,-0.7403,-2.5461,2.658
33.515000,0.2097,-0.6567,-2.7760,2.860
33.518000,0.2221,-0.5655,-2.9556,3.017
33.571000,0.2635,-0.5264,-3.1759,3.230
33.572000,0.2834,-0.4361,-3.3700,3.410
33.572000,0.2968,-0.3807,-3.4903,3.523
33.573000,0.3607,-0.3213,-3.7114,3.743
33.573000,0.4151,-0.2940,-3.8039,3.838
33.573000,0.4093,-0.2770,-3.7772,3.809
33.574000,0.4362,-0.2850,-3.6747,3.711
33.574000,0.3907,-0.2940,-3.5703,3.604
33.574000,0.3302,-0.2566,-3.4545,3.480
33.574000,0.3075,-0.2710,-3.2698,3.295
33.575000,0.2535,-0.3014,-3.1239,3.149
33.580000,0.1972,-0.3074,-2.9783,3.001
33.584000,0.1363,-0.3154,-2.8259,2.847
33.589000,0.0971,-0.3115,-2.6737,2.694
33.594000,0.1252,-0.3102,-2.5120,2.534
33.598000,0.1152,-0.2498,-2.3406,2.357
33.603000,0.0600,-0.1879,-2.2289,2.238
33.612000,0.0508,-0.2204,-2.1505,2.162
33.614000,0.0209,-0.2589,-2.0836,2.100
33.617000,-0.0083,-0.3081,-2.0595,2.082
33.622000,-0.0349,-0.3726,-2.0014,2.036
33.692000,-0.1211,-0.4216,-1.8114,1.864
33.692000,-0.1642,-0.3834,-1.6713,1.723
33.693000,-0.1763,-0.3370,-1.5642,1.610
33.693000,-0.1049,-0.2539,-1.4544,1.480
33.693000,-0.1222,-0.1746,-1.3895,1.406
33.693000,-0.1495,-0.1323,-1.3170,1.332
33.693000,-0.1652,-0.0719,-1.2514,1.264
33.694000,-0.1549,0.0258,-1.1831,1.193
33.694000,-0.1784,0.0626,-1.1311,1.147
33.694000,-0.2192,0.0486,-1.1076,1.130
33.694000,-0.2507,0.0649,-1.0646,1.096
33.695000,-0.2728,0.1237,-0.9832,1.028
33.695000,-0.3692,0.1868,-0.9375,1.025
33.695000,-0.4177,0.2065,-0.9012,1.015
33.698000,-0.4632,0.1975,-0.8316,0.972
33.703000,-0.4316,0.2150,-0.7358,0.880
33.708000,-0.4520,0.2854,-0.6499,0.842
33.712000,-0.4744,0.3493,-0.4974,0.771
33.718000,-0.4297,0.3944,-0.3382,0.674
33.722000,-0.4330,0.4209,-0.0860,0.610
33.727000,-0.4602,0.4527,0.1273,0.658
33.732000,-0.4251,0.4781,0.2635,0.692
33.737000,-0.3756,0.3990,0.3442,0.647
33.807000,-0.3406,0.3092,0.4362,0.634
33.808000,-0.3159,0.2734,0.7094,0.823
33.808000,-0.3011,0.2841,0.9795,1.063
33.808000,-0.3079,0.1953,1.2177,1.271
33.808000,-0.3093,0.0716,1.4863,1.520
33.809000,-0.1829,0.0467,1.7925,1.802
33.809000,-0.0481,0.2345,1.9547,1.969
33.809000,0.1024,0.4354,2.0501,2.098
33.809000,0.2163,0.5082,2.0214,2.095
33.810000,0.2889,0.5579,1.8569,1.960
33.810000,0.2577,0.5439,1.6334,1.741
33.810000,0.1370,0.4714,1.3651,1.451
33.810000,0.2347,0.5969,1.0543,1.234
33.811000,0.2380,0.5808,0.9785,1.163
33.813000,0.1203,0.3106,0.9678,1.024
33.817000,-0.0777,-0.2149,1.1724,1.194
33.822000,-0.0873,-0.1506,1.5056,1.516
33.827000,-0.0388,-0.0022,1.9339,1.934
33.832000,0.0917,0.1748,2.3139,2.322
33.836000,0.2421,0.4640,2.6362,2.688
33.844000,0.3361,0.6548,2.9941,3.083
33.846000,0.3483,0.7472,3.1388,3.245
33.852000,0.2871,0.7345,3.1565,3.253
33.856000,0.2195,0.6173,3.0972,3.166
33.921000,0.2296,0.4015,3.0085,3.044
33.922000,0.3157,0.1863,2.8443,2.868
33.923000,0.4530,0.0776,2.6595,2.699
33.923000,0.5306,0.0401,2.7695,2.820
33.923000,0.5605,0.0402,2.9421,2.995
33.923000,0.6220,-0.0324,3.1054,3.167
33.924000,0.7034,-0.0851,3.2383,3.315
33.924000,0.7256,-0.2265,3.3391,3.425
33.924000,0.7957,-0.4093,3.3841,3.500
33.925000,0.8445,-0.5362,3.3928,3.537
33.925000,0.8714,-0.6320,3.4209,3.586
33.925000,0.8621,-0.7263,3.4326,3.613
33.925000,0.8153,-0.7899,3.5570,3.734
33.926000,0.7162,-0.7961,3.6189,3.774
33.932000,0.7728,-0.8245,3.5493,3.725
33.936000,0.9458,-0.8547,3.4230,3.653
33.941000,0.9932,-0.8128,3.0563,3.315
33.946000,1.0462,-0.6773,2.7769,3.044
33.950000,1.0616,-0.5673,2.5391,2.810
33.956000,0.9908,-0.5713,2.2544,2.528
33.961000,0.9892,-0.6700,2.0784,2.397
33.965000,0.8895,-0.7315,1.9557,2.270
33.971000,0.7685,-0.8086,1.7979,2.116
34.030000,0.7362,-0.8341,1.6192,1.965
34.031000,0.7424,-0.8460,1.4100,1.804
34.031000,0.6606,-0.8133,1.2540,1.634
34.031000,0.6414,-0.7501,1.1104,1.486
34.032000,0.7185,-0.5322,0.9409,1.298
34.032000,0.8657,-0.3485,0.5518,1.084
34.032000,0.8263,-0.6536,0.1444,1.063
34.032000,0.6562,-0.9258,-0.1568,1.146
34.033000,0.5393,-1.0048,-0.4188,1.215
34.033000,0.5164,-0.9530,-0.5820,1.230
34.033000,0.5188,-0.8301,-0.8139,1.273
34.033000,0.5227,-0.6674,-0.9329,1.261
34.036000,0.4806,-0.6371,-1.1087,1.366
34.041000,0.5315,-0.6723,-1.4036,1.645
34.045000,0.5084,-0.7340,-1.7146,1.933
34.050000,0.4496,-0.8172,-1.9678,2.178
34.054000,0.3718,-0.8858,-2.1754,2.378
34.062000,0.3612,-0.9040,-2.3181,2.514
34.070000,0.3558,-0.8212,-2.4442,2.603
34.071000,0.3413,-0.7454,-2.5440,2.673
34.128000,0.3925,-0.6951,-2.6011,2.721
34.128000,0.3472,-0.7562,-2.7303,2.854
34.129000,0.3391,-0.8780,-2.9007,3.050
34.129000,0.3432,-1.0078,-2.9759,3.161
34.129000,0.3486,-1.0312,-2.9629,3.157
34.130000,0.3671,-1.0106,-2.8522,3.048
34.130000,0.3580,-0.9821,-2.7180,2.912
34.130000,0.3740,-0.9245,-2.5888,2.774
34.131000,0.4415,-0.9147,-2.4502,2.652
34.131000,0.4457,-0.9122,-2.3308,2.542
34.131000,0.4175,-0.8887,-2.1922,2.402
34.131000,0.3721,-0.9328,-2.0295,2.264
34.135000,0.3912,-0.9466,-1.9479,2.201
34.140000,0.3844,-0.9302,-2.0286,2.265
34.145000,0.3829,-0.8911,-2.0921,2.306
34.151000,0.3820,-0.8623,-2.1934,2.388
34.154000,0.3814,-0.8340,-2.2968,2.473
34.161000,0.4171,-0.8324,-2.3736,2.550
34.168000,0.4146,-0.8192,-2.4717,2.637
34.171000,0.4717,-0.7654,-2.5458,2.700
34.174000,0.6194,-0.6832,-2.6028,2.761
34.238000,0.6490,-0.5556,-2.6335,2.769
34.239000,0.6582,-0.4186,-2.6115,2.726
34.239000,0.6688,-0.3536,-2.5249,2.636
34.239000,0.6980,-0.3438,-2.4909,2.610
34.240000,0.6451,-0.3627,-2.4641,2.573
34.240000,0.5225,-0.4058,-2.4133,2.502
34.240000,0.4352,-0.4875,-2.2403,2.334
34.241000,0.4642,-0.5509,-2.1005,2.221
34.241000,0.4968,-0.5439,-1.9172,2.054
34.242000,0.5357,-0.4717,-1.7285,1.870
34.242000,0.5353,-0.3443,-1.5343,1.661
34.242000,0.5056,-0.2719,-1.3273,1.446
34.242000,0.4970,-0.3144,-1.1504,1.292
34.245000,0.5164,-0.3426,-0.9631,1.145
34.249000,0.4943,-0.3153,-0.7845,0.979
34.254000,0.4851,-0.2950,-0.5667,0.802
34.259000,0.4411,-0.2789,-0.3697,0.640
34.263000,0.3793,-0.2885,-0.2461,0.536
34.269000,0.2412,-0.2682,-0.1770,0.402
34.274000,0.2165,-0.2744,-0.1461,0.379
34.279000,0.1833,-0.3189,-0.1175,0.386
34.283000,-0.0284,-0.3792,-0.0320,0.382
34.288000,0.1092,-0.3238,-0.0759,0.350
34.350000,0.1672,-0.2650,-0.0437,0.316
34.351000,0.0995,-0.2003,0.1531,0.271
34.351000,0.1047,-0.0180,0.4212,0.434
34.351000,0.1088,0.0476,0.6363,0.647
34.352000,0.0119,0.0344,0.9348,0.936
34.352000,0.0390,0.0595,1.1757,1.178
34.352000,0.1262,0.1704,1.2825,1.300
34.352000,0.2306,0.2685,1.3132,1.360
34.353000,0.2665,0.3803,1.3560,1.433
34.353000,0.1835,0.4148,1.4111,1.482
34.353000,0.1371,0.4038,1.4687,1.529
34.353000,0.0627,0.2664,1.5691,1.593
34.354000,-0.0881,0.1246,1.8367,1.843
34.358000,-0.2366,-0.0379,2.1325,2.146
34.363000,-0.2942,-0.0801,2.3440,2.364
34.368000,-0.3177,-0.0259,2.4162,2.437
34.377000,-0.2876,0.0366,2.5212,2.538
34.379000,-0.2374,0.1122,2.5177,2.531
34.382000,-0.1792,0.2084,2.5277,2.543
34.387000,-0.3050,0.2389,2.4365,2.467
34.438000,-0.4751,0.2541,2.4546,2.513
34.439000,-0.3800,0.2736,2.4236,2.468
34.439000,-0.4408,0.2779,2.4490,2.504
34.439000,-0.5091,0.3317,2.4518,2.526
34.439000,-0.4951,0.3799,2.4870,2.564
34.440000,-0.5993,0.4078,2.5357,2.637
34.440000,-0.6639,0.3773,2.6218,2.731
34.440000,-0.6653,0.3335,2.7859,2.884
34.441000,-0.6089,0.3648,2.9326,3.017
34.441000,-0.6070,0.3490,3.1575,3.234
34.443000,-0.6549,0.3146,3.3770,3.454
34.450000,-0.6640,0.2783,3.5171,3.590
34.452000,-0.6723,0.3046,3.6065,3.681
34.458000,-0.6537,0.3095,3.5713,3.644
34.461000,-0.6283,0.2931,3.5384,3.606
34.469000,-0.6532,0.2767,3.5248,3.595
34.473000,-0.6883,0.1769,3.4848,3.557
34.476000,-0.6808,0.0294,3.3898,3.458
34.482000,-0.6614,-0.0604,3.2256,3.293
34.486000,-0.6923,-0.1402,2.9466,3.030
34.495000,-0.6679,-0.2003,2.6677,2.757
34.497000,-0.6198,-0.2094,2.4223,2.509
34.501000,-0.6173,-0.1889,2.1312,2.227
34.505000,-0.5548,-0.1817,1.8255,1.917
34.558000,-0.5041,-0.2168,1.6346,1.724
34.559000,-0.2929,-0.2561,1.3503,1.405
34.559000,-0.2806,-0.3860,1.0638,1.166
34.559000,-0.4335,-0.4129,0.8185,1.014
34.559000,-0.2706,-0.4064,0.5901,0.766
34.560000,-0.3399,-0.4884,0.4746,0.761
34.560000,-0.3516,-0.5251,0.3808,0.738
34.560000,-0.2223,-0.5764,0.2920,0.683
34.560000,-0.2391,-0.6089,0.2539,0.702
34.560000,-0.2348,-0.5991,0.2856,0.704
34.563000,-0.2140,-0.5808,0.3800,0.726
34.566000,-0.1908,-0.5161,0.3556,0.655
34.571000,-0.2061,-0.5201,0.2676,0.620
34.575000,-0.2765,-0.5567,0.1901,0.650
34.580000,-0.2749,-0.5684,0.0203,0.632
34.586000,-0.1989,-0.5695,-0.2132,0.640
34.591000,-0.1700,-0.5262,-0.4434,0.709
34.596000,-0.1812,-0.4501,-0.6969,0.849
34.600000,-0.1897,-0.3648,-0.9403,1.026
34.605000,-0.2096,-0.2701,-1.1189,1.170
34.667000,-0.1887,-0.2328,-1.2543,1.290
34.667000,-0.1580,-0.2408,-1.2987,1.330
34.667000,-0.1131,-0.2367,-1.2809,1.307
34.668000,-0.0947,-0.2901,-1.2607,1.297
34.668000,-0.0600,-0.3484,-1.3623,1.407
34.668000,-0.0185,-0.3876,-1.5091,1.558
34.669000,-0.0108,-0.4558,-1.5886,1.653
34.669000,0.0084,-0.5072,-1.7205,1.794
34.669000,-0.2973,-0.6158,-2.3305,2.429
34.669000,-0.8936,-0.6025,-2.7166,2.923
34.670000,-0.5872,-0.5605,-2.5585,2.684
34.670000,-0.2195,-0.5676,-2.7791,2.845
34.670000,0.0371,-0.3294,-2.6007,2.622
34.676000,0.1816,-0.0974,-2.2891,2.298
34.680000,0.0706,-0.0561,-1.9138,1.916
34.685000,-0.0127,-0.1340,-1.5462,1.552
34.690000,-0.0007,-0.1904,-1.1407,1.156
34.696000,0.0279,-0.1945,-0.9146,0.935
34.699000,-0.0007,-0.1988,-0.8728,0.895
34.704000,-0.0600,-0.2510,-0.8620,0.900
34.760000,-0.1685,-0.3333,-0.8731,0.950
34.760000,-0.2391,-0.4335,-0.7415,0.892
34.761000,-0.2452,-0.5469,-0.6033,0.850
34.761000,-0.3015,-0.5999,-0.6259,0.918
34.761000,-0.4076,-0.5736,-0.7849,1.054
34.761000,-0.3146,-0.5421,-1.0038,1.183
34.761000,-0.1993,-0.6031,-1.3138,1.459
34.762000,-0.1836,-0.7465,-1.5523,1.732
34.762000,-0.2604,-0.8266,-1.6597,1.872
34.762000,-0.2871,-0.8315,-1.5522,1.784
34.762000,-0.2566,-0.8982,-1.2967,1.598
34.764000,-0.2352,-0.8578,-1.0126,1.348
34.769000,-0.2634,-0.8208,-0.7355,1.133
34.775000,-0.2692,-0.8140,-0.4579,0.972
